{
  "annotations": {
    "list": [
      {
        "builtIn": 1,
        "datasource": {
          "type": "datasource",
          "uid": "grafana"
        },
        "enable": true,
        "hide": true,
        "iconColor": "rgba(0, 211, 255, 1)",
        "name": "Annotations & Alerts",
        "target": {
          "limit": 100,
          "matchAny": false,
          "tags": [],
          "type": "dashboard"
        },
        "type": "dashboard"
      }
    ]
  },
  "editable": true,
  "fiscalYearStartMonth": 0,
  "graphTooltip": 0,
  "links": [],
  "liveNow": false,
  "panels": [
    {
      "collapsed": false,
      "datasource": {
        "type": "datasource",
        "uid": "grafana"
      },
      "gridPos": {
        "h": 1,
        "w": 24,
        "x": 0,
        "y": 0
      },
      "id": 10,
      "panels": [],
      "targets": [
        {
          "datasource": {
            "type": "datasource",
            "uid": "grafana"
          },
          "refId": "A"
        }
      ],
      "title": "Overall Metrics",
      "type": "row"
    },
    {
      "datasource": {
        "type": "prometheus",
        "uid": "${DS_FORGEROCKDS}"
      },
      "description": "This is the global average number of requests performed by the directory service.",
      "fieldConfig": {
        "defaults": {
          "color": {
            "mode": "thresholds"
          },
          "mappings": [
            {
              "options": {
                "match": "null",
                "result": {
                  "text": "N/A"
                }
              },
              "type": "special"
            }
          ],
          "max": 100000,
          "min": 0,
          "thresholds": {
            "mode": "absolute",
            "steps": [
              {
                "color": "rgba(50, 172, 45, 0.97)",
                "value": null
              },
              {
                "color": "rgba(237, 129, 40, 0.89)",
                "value": 10000
              },
              {
                "color": "rgba(245, 54, 54, 0.9)",
                "value": 30000
              }
            ]
          },
          "unit": "ops"
        },
        "overrides": []
      },
      "gridPos": {
        "h": 6,
        "w": 4,
        "x": 0,
        "y": 1
      },
      "id": 1,
      "links": [],
      "maxDataPoints": 100,
      "options": {
        "orientation": "horizontal",
        "reduceOptions": {
          "calcs": [
            "lastNotNull"
          ],
          "fields": "",
          "values": false
        },
        "showThresholdLabels": true,
        "showThresholdMarkers": true
      },
      "pluginVersion": "9.0.9",
      "targets": [
        {
          "datasource": {
            "type": "prometheus",
            "uid": "${DS_FORGEROCKDS}"
          },
          "expr": "sum(rate(ds_connection_handlers_ldap_requests_seconds_count[30s]))",
          "format": "time_series",
          "hide": false,
          "instant": true,
          "intervalFactor": 2,
          "legendFormat": "",
          "refId": "A",
          "target": "sumSeries(*.ds.connection-handlers.ldap.requests.m1_rate)"
        }
      ],
      "title": "Overall Load",
      "transparent": true,
      "type": "gauge"
    },
    {
      "datasource": {
        "type": "prometheus",
        "uid": "${DS_FORGEROCKDS}"
      },
      "description": "Number of requests in queue waiting to be processed",
      "fieldConfig": {
        "defaults": {
          "color": {
            "mode": "thresholds"
          },
          "mappings": [
            {
              "options": {
                "match": "null",
                "result": {
                  "text": "N/A"
                }
              },
              "type": "special"
            }
          ],
          "max": 200,
          "min": 0,
          "thresholds": {
            "mode": "absolute",
            "steps": [
              {
                "color": "#299c46",
                "value": null
              },
              {
                "color": "rgba(237, 129, 40, 0.89)",
                "value": 20
              },
              {
                "color": "#d44a3a",
                "value": 100
              }
            ]
          },
          "unit": "none"
        },
        "overrides": []
      },
      "gridPos": {
        "h": 6,
        "w": 4,
        "x": 4,
        "y": 1
      },
      "id": 26,
      "links": [],
      "maxDataPoints": 100,
      "options": {
        "orientation": "horizontal",
        "reduceOptions": {
          "calcs": [
            "lastNotNull"
          ],
          "fields": "",
          "values": false
        },
        "showThresholdLabels": true,
        "showThresholdMarkers": true
      },
      "pluginVersion": "9.0.9",
      "targets": [
        {
          "datasource": {
            "type": "prometheus",
            "uid": "${DS_FORGEROCKDS}"
          },
          "expr": "sum(ds_work_queue_requests_in_queue)",
          "format": "time_series",
          "instant": true,
          "intervalFactor": 1,
          "refId": "A"
        }
      ],
      "title": "Requests in Queue",
      "transparent": true,
      "type": "gauge"
    },
    {
      "datasource": {
        "type": "prometheus",
        "uid": "${DS_FORGEROCKDS}"
      },
      "description": "The recent average of errors occurring in the service. These errors could be tied to client applications, invalid data, authentication failures...",
      "fieldConfig": {
        "defaults": {
          "color": {
            "mode": "thresholds"
          },
          "mappings": [
            {
              "options": {
                "match": "null",
                "result": {
                  "text": "N/A"
                }
              },
              "type": "special"
            }
          ],
          "max": 1000,
          "min": 0,
          "thresholds": {
            "mode": "absolute",
            "steps": [
              {
                "color": "rgba(50, 172, 45, 0.97)",
                "value": null
              },
              {
                "color": "rgba(237, 129, 40, 0.89)",
                "value": 50
              },
              {
                "color": "rgba(245, 54, 54, 0.9)",
                "value": 100
              }
            ]
          },
          "unit": "none"
        },
        "overrides": []
      },
      "gridPos": {
        "h": 6,
        "w": 4,
        "x": 8,
        "y": 1
      },
      "id": 9,
      "links": [],
      "maxDataPoints": 100,
      "options": {
        "orientation": "horizontal",
        "reduceOptions": {
          "calcs": [
            "lastNotNull"
          ],
          "fields": "",
          "values": false
        },
        "showThresholdLabels": true,
        "showThresholdMarkers": true
      },
      "pluginVersion": "9.0.9",
      "targets": [
        {
          "datasource": {
            "type": "prometheus",
            "uid": "${DS_FORGEROCKDS}"
          },
          "expr": "sum(rate(ds_connection_handlers_ldap_requests_failure_seconds_count[30s]))",
          "format": "time_series",
          "hide": false,
          "instant": false,
          "intervalFactor": 2,
          "legendFormat": "",
          "refId": "A",
          "target": "sumSeries(*.ds.connection-handlers.ldap.requests.failures.m1_rate)"
        }
      ],
      "title": "Errors",
      "transparent": true,
      "type": "gauge"
    },
    {
      "datasource": {
        "type": "prometheus",
        "uid": "${DS_FORGEROCKDS}"
      },
      "description": "The total number of client connections opened against the whole directory service.",
      "fieldConfig": {
        "defaults": {
          "color": {
            "mode": "thresholds"
          },
          "mappings": [
            {
              "options": {
                "match": "null",
                "result": {
                  "text": "N/A"
                }
              },
              "type": "special"
            }
          ],
          "max": 4000,
          "min": 0,
          "thresholds": {
            "mode": "absolute",
            "steps": [
              {
                "color": "#299c46",
                "value": null
              },
              {
                "color": "rgba(237, 129, 40, 0.89)",
                "value": 1000
              },
              {
                "color": "#d44a3a",
                "value": 3000
              }
            ]
          },
          "unit": "none"
        },
        "overrides": []
      },
      "gridPos": {
        "h": 6,
        "w": 4,
        "x": 12,
        "y": 1
      },
      "id": 29,
      "links": [],
      "maxDataPoints": 100,
      "options": {
        "orientation": "horizontal",
        "reduceOptions": {
          "calcs": [
            "lastNotNull"
          ],
          "fields": "",
          "values": false
        },
        "showThresholdLabels": true,
        "showThresholdMarkers": true
      },
      "pluginVersion": "9.0.9",
      "repeatDirection": "h",
      "targets": [
        {
          "datasource": {
            "type": "prometheus",
            "uid": "${DS_FORGEROCKDS}"
          },
          "expr": "sum(ds_current_connections)",
          "format": "time_series",
          "intervalFactor": 1,
          "legendFormat": "",
          "refId": "A"
        }
      ],
      "title": "Connections",
      "transparent": true,
      "type": "gauge"
    },
    {
      "datasource": {
        "type": "prometheus",
        "uid": "${DS_FORGEROCKDS}"
      },
      "description": "This value represents the highest latency in receiving messages across all replicas, at each instant.",
      "fieldConfig": {
        "defaults": {
          "color": {
            "mode": "thresholds"
          },
          "mappings": [
            {
              "options": {
                "": {
                  "text": ""
                }
              },
              "type": "value"
            },
            {
              "options": {
                "match": "null",
                "result": {
                  "color": "#299c46",
                  "text": "0"
                }
              },
              "type": "special"
            }
          ],
          "max": 30,
          "min": 0,
          "thresholds": {
            "mode": "absolute",
            "steps": [
              {
                "color": "#299c46",
                "value": null
              },
              {
                "color": "rgba(237, 129, 40, 0.89)",
                "value": 1
              },
              {
                "color": "#d44a3a",
                "value": 5
              }
            ]
          },
          "unit": "s"
        },
        "overrides": []
      },
      "gridPos": {
        "h": 6,
        "w": 4,
        "x": 16,
        "y": 1
      },
      "id": 40,
      "links": [],
      "maxDataPoints": 100,
      "options": {
        "orientation": "horizontal",
        "reduceOptions": {
          "calcs": [
            "lastNotNull"
          ],
          "fields": "",
          "values": false
        },
        "showThresholdLabels": true,
        "showThresholdMarkers": true
      },
      "pluginVersion": "9.0.9",
      "targets": [
        {
          "datasource": {
            "type": "prometheus",
            "uid": "${DS_FORGEROCKDS}"
          },
          "expr": "max(ds_replication_replica_remote_replicas_receive_delay_seconds)",
          "format": "time_series",
          "instant": true,
          "intervalFactor": 1,
          "refId": "A"
        }
      ],
      "title": "Max Receive Latency",
      "transparent": true,
      "type": "gauge"
    },
    {
      "datasource": {
        "type": "prometheus",
        "uid": "${DS_FORGEROCKDS}"
      },
      "description": "Numbers of DS, RS and proxies. Some instances may be combined DS/RS.",
      "fieldConfig": {
        "defaults": {
          "color": {
            "mode": "palette-classic"
          },
          "custom": {
            "axisLabel": "",
            "axisPlacement": "auto",
            "barAlignment": 0,
            "drawStyle": "line",
            "fillOpacity": 10,
            "gradientMode": "none",
            "hideFrom": {
              "legend": false,
              "tooltip": false,
              "viz": false
            },
            "lineInterpolation": "linear",
            "lineWidth": 1,
            "pointSize": 5,
            "scaleDistribution": {
              "type": "linear"
            },
            "showPoints": "never",
            "spanNulls": false,
            "stacking": {
              "group": "A",
              "mode": "none"
            },
            "thresholdsStyle": {
              "mode": "off"
            }
          },
          "decimals": 0,
          "mappings": [],
          "min": 0,
          "thresholds": {
            "mode": "absolute",
            "steps": [
              {
                "color": "green",
                "value": null
              },
              {
                "color": "red",
                "value": 80
              }
            ]
          },
          "unit": "short"
        },
        "overrides": []
      },
      "gridPos": {
        "h": 8,
        "w": 12,
        "x": 0,
        "y": 7
      },
      "id": 44,
      "links": [],
      "options": {
        "legend": {
          "calcs": [],
          "displayMode": "table",
          "placement": "bottom"
        },
        "tooltip": {
          "mode": "multi",
          "sort": "none"
        }
      },
      "pluginVersion": "9.0.9",
      "targets": [
        {
          "datasource": {
            "type": "prometheus",
            "uid": "${DS_FORGEROCKDS}"
          },
          "expr": "sum(up and ds_start_time_seconds)",
          "format": "time_series",
          "intervalFactor": 1,
          "legendFormat": "Total number of ForgeRock DS instances",
          "refId": "A"
        },
        {
          "datasource": {
            "type": "prometheus",
            "uid": "${DS_FORGEROCKDS}"
          },
          "expr": "sum(sum by (job) (up) and sum by (job) (ds_backend_entry_count{type=\"db\"}))",
          "format": "time_series",
          "intervalFactor": 1,
          "legendFormat": "Number of DSs",
          "refId": "C"
        },
        {
          "datasource": {
            "type": "prometheus",
            "uid": "${DS_FORGEROCKDS}"
          },
          "expr": "sum(sum by (job) (up) and sum by (job) (ds_backend_entry_count{base_dn=\"cn=changelog\"}))",
          "format": "time_series",
          "intervalFactor": 1,
          "legendFormat": "Number of RSs",
          "refId": "D"
        },
        {
          "datasource": {
            "type": "prometheus",
            "uid": "${DS_FORGEROCKDS}"
          },
          "expr": "sum(sum by (job) (up) and sum by (job) (ds_backend_entry_count{type=\"proxy\"}))",
          "format": "time_series",
          "intervalFactor": 1,
          "legendFormat": "Number of Proxies",
          "refId": "B"
        }
      ],
      "title": "ForgeRock DS instances",
      "type": "timeseries"
    },
    {
      "datasource": {
        "type": "prometheus",
        "uid": "${DS_FORGEROCKDS}"
      },
      "fieldConfig": {
        "defaults": {
          "color": {
            "mode": "palette-classic"
          },
          "custom": {
            "axisLabel": "",
            "axisPlacement": "auto",
            "barAlignment": 0,
            "drawStyle": "line",
            "fillOpacity": 10,
            "gradientMode": "none",
            "hideFrom": {
              "legend": false,
              "tooltip": false,
              "viz": false
            },
            "lineInterpolation": "linear",
            "lineWidth": 1,
            "pointSize": 5,
            "scaleDistribution": {
              "type": "linear"
            },
            "showPoints": "never",
            "spanNulls": false,
            "stacking": {
              "group": "A",
              "mode": "none"
            },
            "thresholdsStyle": {
              "mode": "off"
            }
          },
          "decimals": 0,
          "mappings": [],
          "min": 0,
          "thresholds": {
            "mode": "absolute",
            "steps": [
              {
                "color": "green",
                "value": null
              },
              {
                "color": "red",
                "value": 80
              }
            ]
          },
          "unit": "short"
        },
        "overrides": []
      },
      "gridPos": {
        "h": 8,
        "w": 12,
        "x": 12,
        "y": 7
      },
      "id": 16,
      "links": [],
      "options": {
        "legend": {
          "calcs": [
            "lastNotNull"
          ],
          "displayMode": "table",
          "placement": "bottom"
        },
        "tooltip": {
          "mode": "multi",
          "sort": "none"
        }
      },
      "pluginVersion": "9.0.9",
      "targets": [
        {
          "datasource": {
            "type": "prometheus",
            "uid": "${DS_FORGEROCKDS}"
          },
          "expr": "idelta(ds_connection_handlers_ldap_requests_failure_seconds_count[30s])",
          "format": "time_series",
          "interval": "",
          "intervalFactor": 1,
          "legendFormat": "{{job}} {{instance}} - {{ldap_handler}} {{type}}",
          "refId": "A"
        }
      ],
      "title": "Errors",
      "type": "timeseries"
    },
    {
      "collapsed": false,
      "datasource": {
        "type": "datasource",
        "uid": "grafana"
      },
      "gridPos": {
        "h": 1,
        "w": 24,
        "x": 0,
        "y": 15
      },
      "id": 11,
      "panels": [],
      "targets": [
        {
          "datasource": {
            "type": "datasource",
            "uid": "grafana"
          },
          "refId": "A"
        }
      ],
      "title": "Access Metrics",
      "type": "row"
    },
    {
      "datasource": {
        "type": "prometheus",
        "uid": "${DS_FORGEROCKDS}"
      },
      "fieldConfig": {
        "defaults": {
          "color": {
            "mode": "palette-classic"
          },
          "custom": {
            "axisLabel": "",
            "axisPlacement": "auto",
            "barAlignment": 0,
            "drawStyle": "line",
            "fillOpacity": 10,
            "gradientMode": "none",
            "hideFrom": {
              "legend": false,
              "tooltip": false,
              "viz": false
            },
            "lineInterpolation": "linear",
            "lineWidth": 2,
            "pointSize": 5,
            "scaleDistribution": {
              "type": "linear"
            },
            "showPoints": "never",
            "spanNulls": true,
            "stacking": {
              "group": "A",
              "mode": "none"
            },
            "thresholdsStyle": {
              "mode": "off"
            }
          },
          "mappings": [],
          "thresholds": {
            "mode": "absolute",
            "steps": [
              {
                "color": "green",
                "value": null
              },
              {
                "color": "red",
                "value": 80
              }
            ]
          },
          "unit": "ops"
        },
        "overrides": []
      },
      "gridPos": {
        "h": 9,
        "w": 12,
        "x": 0,
        "y": 16
      },
      "id": 2,
      "links": [],
      "options": {
        "legend": {
          "calcs": [
            "lastNotNull"
          ],
          "displayMode": "table",
          "placement": "bottom"
        },
        "tooltip": {
          "mode": "multi",
          "sort": "none"
        }
      },
      "pluginVersion": "9.0.9",
      "targets": [
        {
          "datasource": {
            "type": "prometheus",
            "uid": "${DS_FORGEROCKDS}"
          },
          "expr": "sum by (job, instance, ldap_handler) (rate(ds_connection_handlers_ldap_requests_seconds_count{job=~\"$ds_job\",instance=~\"$ds_instance\",ldap_handler=~\"$ldap_handler\"}[1m]))",
          "format": "time_series",
          "intervalFactor": 2,
          "legendFormat": "{{job}} {{instance}} {{ldap_handler}} m1_rate",
          "refId": "A",
          "target": "*.ds.connection-handlers.ldap.requests.m1_rate"
        },
        {
          "datasource": {
            "type": "prometheus",
            "uid": "${DS_FORGEROCKDS}"
          },
          "expr": "sum by (job, instance, ldap_handler) (rate(ds_connection_handlers_ldap_requests_seconds_count{job=~\"$ds_job\",instance=~\"$ds_instance\",ldap_handler=~\"$ldap_handler\"}[5m]))",
          "format": "time_series",
          "intervalFactor": 2,
          "legendFormat": "{{job}} {{instance}} {{ldap_handler}} m5_rate",
          "refId": "B",
          "target": "*.ds.connection-handlers.ldap.requests.m5_rate"
        }
      ],
      "title": "Load Averages",
      "type": "timeseries"
    },
    {
      "datasource": {
        "type": "prometheus",
        "uid": "${DS_FORGEROCKDS}"
      },
      "fieldConfig": {
        "defaults": {
          "color": {
            "mode": "palette-classic"
          },
          "custom": {
            "axisLabel": "",
            "axisPlacement": "auto",
            "barAlignment": 0,
            "drawStyle": "line",
            "fillOpacity": 10,
            "gradientMode": "none",
            "hideFrom": {
              "legend": false,
              "tooltip": false,
              "viz": false
            },
            "lineInterpolation": "linear",
            "lineWidth": 1,
            "pointSize": 5,
            "scaleDistribution": {
              "type": "linear"
            },
            "showPoints": "never",
            "spanNulls": false,
            "stacking": {
              "group": "A",
              "mode": "none"
            },
            "thresholdsStyle": {
              "mode": "off"
            }
          },
          "mappings": [],
          "thresholds": {
            "mode": "absolute",
            "steps": [
              {
                "color": "green",
                "value": null
              },
              {
                "color": "red",
                "value": 80
              }
            ]
          },
          "unit": "s"
        },
        "overrides": []
      },
      "gridPos": {
        "h": 9,
        "w": 12,
        "x": 12,
        "y": 16
      },
      "id": 23,
      "links": [],
      "options": {
        "legend": {
          "calcs": [],
          "displayMode": "list",
          "placement": "bottom"
        },
        "tooltip": {
          "mode": "multi",
          "sort": "none"
        }
      },
      "pluginVersion": "9.0.9",
      "targets": [
        {
          "datasource": {
            "type": "prometheus",
            "uid": "${DS_FORGEROCKDS}"
          },
          "expr": "sum by (job, instance, ldap_handler, type) (irate(ds_connection_handlers_ldap_requests_seconds_sum{job=~\"$ds_job\",instance=~\"$ds_instance\",ldap_handler=~\"$ldap_handler\"}[1m])) / sum by (job, instance, ldap_handler, type) (irate(ds_connection_handlers_ldap_requests_seconds_count{job=~\"$ds_job\",instance=~\"$ds_instance\",ldap_handler=~\"$ldap_handler\"}[1m]))",
          "format": "time_series",
          "interval": "",
          "intervalFactor": 1,
          "legendFormat": "{{job}} {{instance}} - {{ldap_handler}} - {{type}}",
          "refId": "C"
        }
      ],
      "title": "Current response time",
      "type": "timeseries"
    },
    {
      "collapsed": false,
      "datasource": {
        "type": "datasource",
        "uid": "grafana"
      },
      "gridPos": {
        "h": 1,
        "w": 24,
        "x": 0,
        "y": 25
      },
      "id": 13,
      "panels": [],
      "targets": [
        {
          "datasource": {
            "type": "datasource",
            "uid": "grafana"
          },
          "refId": "A"
        }
      ],
      "title": "Replication",
      "type": "row"
    },
    {
      "datasource": {
        "type": "prometheus",
        "uid": "${DS_FORGEROCKDS}"
      },
      "fieldConfig": {
        "defaults": {
          "color": {
            "mode": "palette-classic"
          },
          "custom": {
            "axisLabel": "",
            "axisPlacement": "auto",
            "barAlignment": 0,
            "drawStyle": "line",
            "fillOpacity": 10,
            "gradientMode": "none",
            "hideFrom": {
              "legend": false,
              "tooltip": false,
              "viz": false
            },
            "lineInterpolation": "linear",
            "lineWidth": 1,
            "pointSize": 5,
            "scaleDistribution": {
              "type": "linear"
            },
            "showPoints": "never",
            "spanNulls": false,
            "stacking": {
              "group": "A",
              "mode": "none"
            },
            "thresholdsStyle": {
              "mode": "off"
            }
          },
          "mappings": [],
          "thresholds": {
            "mode": "absolute",
            "steps": [
              {
                "color": "green",
                "value": null
              },
              {
                "color": "red",
                "value": 80
              }
            ]
          },
          "unit": "s"
        },
        "overrides": []
      },
      "gridPos": {
        "h": 8,
        "w": 12,
        "x": 0,
        "y": 26
      },
      "id": 7,
      "links": [],
      "options": {
        "legend": {
          "calcs": [
            "mean",
            "lastNotNull",
            "max",
            "min"
          ],
          "displayMode": "table",
          "placement": "bottom"
        },
        "tooltip": {
          "mode": "multi",
          "sort": "none"
        }
      },
      "pluginVersion": "9.0.9",
      "targets": [
        {
          "datasource": {
            "type": "prometheus",
            "uid": "${DS_FORGEROCKDS}"
          },
          "expr": "ds_replication_replica_remote_replicas_receive_delay_seconds",
          "format": "time_series",
          "intervalFactor": 2,
          "legendFormat": "DS({{remote_server_id}}) → DS({{server_id}})",
          "refId": "A"
        }
      ],
      "title": "Receive Delay",
      "type": "timeseries"
    },
    {
      "datasource": {
        "type": "prometheus",
        "uid": "${DS_FORGEROCKDS}"
      },
      "fieldConfig": {
        "defaults": {
          "color": {
            "mode": "palette-classic"
          },
          "custom": {
            "axisLabel": "",
            "axisPlacement": "auto",
            "barAlignment": 0,
            "drawStyle": "line",
            "fillOpacity": 10,
            "gradientMode": "none",
            "hideFrom": {
              "legend": false,
              "tooltip": false,
              "viz": false
            },
            "lineInterpolation": "linear",
            "lineWidth": 1,
            "pointSize": 5,
            "scaleDistribution": {
              "type": "linear"
            },
            "showPoints": "never",
            "spanNulls": false,
            "stacking": {
              "group": "A",
              "mode": "none"
            },
            "thresholdsStyle": {
              "mode": "off"
            }
          },
          "mappings": [],
          "thresholds": {
            "mode": "absolute",
            "steps": [
              {
                "color": "green",
                "value": null
              },
              {
                "color": "red",
                "value": 80
              }
            ]
          },
          "unit": "s"
        },
        "overrides": []
      },
      "gridPos": {
        "h": 8,
        "w": 12,
        "x": 12,
        "y": 26
      },
      "id": 51,
      "links": [],
      "options": {
        "legend": {
          "calcs": [
            "mean",
            "lastNotNull",
            "max",
            "min"
          ],
          "displayMode": "table",
          "placement": "bottom"
        },
        "tooltip": {
          "mode": "multi",
          "sort": "none"
        }
      },
      "pluginVersion": "9.0.9",
      "targets": [
        {
          "datasource": {
            "type": "prometheus",
            "uid": "${DS_FORGEROCKDS}"
          },
          "expr": "ds_replication_replica_remote_replicas_replay_delay_seconds",
          "format": "time_series",
          "intervalFactor": 2,
          "legendFormat": "DS({{remote_server_id}}) → DS({{server_id}})",
          "refId": "A"
        }
      ],
      "title": "Replay Delay",
      "type": "timeseries"
    },
    {
      "datasource": {
        "type": "prometheus",
        "uid": "${DS_FORGEROCKDS}"
      },
      "fieldConfig": {
        "defaults": {
          "color": {
            "mode": "palette-classic"
          },
          "custom": {
            "axisLabel": "",
            "axisPlacement": "auto",
            "barAlignment": 0,
            "drawStyle": "line",
            "fillOpacity": 10,
            "gradientMode": "none",
            "hideFrom": {
              "legend": false,
              "tooltip": false,
              "viz": false
            },
            "lineInterpolation": "linear",
            "lineWidth": 1,
            "pointSize": 5,
            "scaleDistribution": {
              "type": "linear"
            },
            "showPoints": "never",
            "spanNulls": false,
            "stacking": {
              "group": "A",
              "mode": "none"
            },
            "thresholdsStyle": {
              "mode": "off"
            }
          },
          "mappings": [],
          "thresholds": {
            "mode": "absolute",
            "steps": [
              {
                "color": "green",
                "value": null
              },
              {
                "color": "red",
                "value": 80
              }
            ]
          },
          "unit": "ops"
        },
        "overrides": []
      },
      "gridPos": {
        "h": 8,
        "w": 24,
        "x": 0,
        "y": 34
      },
      "id": 6,
      "links": [],
      "options": {
        "legend": {
          "calcs": [
            "mean",
            "lastNotNull",
            "max",
            "min"
          ],
          "displayMode": "table",
          "placement": "bottom"
        },
        "tooltip": {
          "mode": "multi",
          "sort": "none"
        }
      },
      "pluginVersion": "9.0.9",
      "targets": [
        {
          "datasource": {
            "type": "prometheus",
            "uid": "${DS_FORGEROCKDS}"
          },
          "expr": "irate(ds_replication_replica_remote_replicas_replayed_updates_seconds_count{job=~\"$ds_job\",instance=~\"$ds_instance\",domain_name=~\"$domain\"}[30s])",
          "format": "time_series",
          "intervalFactor": 2,
          "legendFormat": "{{job}} {{instance}} {{domain_name}} last 30s",
          "refId": "A"
        },
        {
          "datasource": {
            "type": "prometheus",
            "uid": "${DS_FORGEROCKDS}"
          },
          "expr": "rate(ds_replication_replica_remote_replicas_replayed_updates_seconds_count{job=~\"$ds_job\",instance=~\"$ds_instance\",domain_name=~\"$domain\"}[5m])",
          "format": "time_series",
          "intervalFactor": 2,
          "legendFormat": "{{job}} {{instance}} {{domain_name}} last 5m",
          "refId": "B"
        }
      ],
      "title": "Replayed updates",
      "type": "timeseries"
    },
    {
      "collapsed": false,
      "datasource": {
        "type": "datasource",
        "uid": "grafana"
      },
      "gridPos": {
        "h": 1,
        "w": 24,
        "x": 0,
        "y": 42
      },
      "id": 18,
      "panels": [],
      "repeat": "public_basedn",
      "targets": [
        {
          "datasource": {
            "type": "datasource",
            "uid": "grafana"
          },
          "refId": "A"
        }
      ],
      "title": "Backend: $public_basedn",
      "type": "row"
    },
    {
      "datasource": {
        "type": "prometheus",
        "uid": "${DS_FORGEROCKDS}"
      },
      "fieldConfig": {
        "defaults": {
          "color": {
            "mode": "thresholds"
          },
          "mappings": [
            {
              "options": {
                "match": "null",
                "result": {
                  "text": "N/A"
                }
              },
              "type": "special"
            }
          ],
          "thresholds": {
            "mode": "absolute",
            "steps": [
              {
                "color": "green",
                "value": null
              },
              {
                "color": "red",
                "value": 80
              }
            ]
          },
          "unit": "none"
        },
        "overrides": []
      },
      "gridPos": {
        "h": 3,
        "w": 8,
        "x": 0,
        "y": 43
      },
      "id": 20,
      "links": [],
      "maxDataPoints": 100,
      "options": {
        "colorMode": "none",
        "graphMode": "none",
        "justifyMode": "auto",
        "orientation": "horizontal",
        "reduceOptions": {
          "calcs": [
            "lastNotNull"
          ],
          "fields": "",
          "values": false
        },
        "textMode": "auto"
      },
      "pluginVersion": "9.0.9",
      "repeat": "ds_instance",
      "repeatDirection": "h",
      "targets": [
        {
          "datasource": {
            "type": "prometheus",
            "uid": "${DS_FORGEROCKDS}"
          },
          "expr": "ds_backend_entry_count{base_dn=~\"$public_basedn\", instance=~\"$ds_instance\"}",
          "format": "time_series",
          "instant": true,
          "intervalFactor": 1,
          "refId": "A"
        }
      ],
      "title": "$ds_instance",
      "type": "stat"
    },
    {
      "collapsed": false,
      "datasource": {
        "type": "datasource",
        "uid": "grafana"
      },
      "gridPos": {
        "h": 1,
        "w": 24,
        "x": 0,
        "y": 46
      },
      "id": 33,
      "panels": [],
      "repeat": "disk",
      "targets": [
        {
          "datasource": {
            "type": "datasource",
            "uid": "grafana"
          },
          "refId": "A"
        }
      ],
      "title": "Disk free: ${disk}",
      "type": "row"
    },
    {
      "datasource": {
        "type": "prometheus",
        "uid": "${DS_FORGEROCKDS}"
      },
      "fieldConfig": {
        "defaults": {
          "color": {
            "mode": "thresholds"
          },
          "mappings": [],
          "thresholds": {
            "mode": "absolute",
            "steps": [
              {
                "color": "#d44a3a",
                "value": null
              },
              {
                "color": "rgba(237, 129, 40, 0.89)",
                "value": 51000000000
              },
              {
                "color": "#299c46",
                "value": 55000000000
              }
            ]
          },
          "unit": "bytes"
        },
        "overrides": []
      },
      "gridPos": {
        "h": 3,
        "w": 8,
        "x": 0,
        "y": 47
      },
      "id": 36,
      "links": [],
      "maxDataPoints": 100,
      "options": {
        "colorMode": "value",
        "graphMode": "area",
        "justifyMode": "auto",
        "orientation": "horizontal",
        "reduceOptions": {
          "calcs": [
            "lastNotNull"
          ],
          "fields": "",
          "values": false
        },
        "textMode": "auto"
      },
      "pluginVersion": "9.0.9",
      "repeat": "ds_instance",
      "repeatDirection": "h",
      "targets": [
        {
          "datasource": {
            "type": "prometheus",
            "uid": "${DS_FORGEROCKDS}"
          },
          "expr": "ds_disk_free_space_bytes{instance=~\"$ds_instance\", disk=~\"$disk\"}",
          "format": "time_series",
          "intervalFactor": 1,
          "legendFormat": "",
          "refId": "A"
        }
      ],
      "title": "${ds_instance}",
      "type": "stat"
    },
    {
      "collapsed": false,
      "datasource": {
        "type": "datasource",
        "uid": "grafana"
      },
      "gridPos": {
        "h": 1,
        "w": 24,
        "x": 0,
        "y": 54
      },
      "id": 12,
      "panels": [],
      "targets": [
        {
          "datasource": {
            "type": "datasource",
            "uid": "grafana"
          },
          "refId": "A"
        }
      ],
      "title": "Health Metrics",
      "type": "row"
    },
    {
      "datasource": {
        "type": "prometheus",
        "uid": "${DS_FORGEROCKDS}"
      },
      "fieldConfig": {
        "defaults": {
          "color": {
            "mode": "palette-classic"
          },
          "custom": {
            "axisLabel": "",
            "axisPlacement": "auto",
            "barAlignment": 0,
            "drawStyle": "line",
            "fillOpacity": 10,
            "gradientMode": "none",
            "hideFrom": {
              "legend": false,
              "tooltip": false,
              "viz": false
            },
            "lineInterpolation": "linear",
            "lineWidth": 2,
            "pointSize": 5,
            "scaleDistribution": {
              "type": "linear"
            },
            "showPoints": "never",
            "spanNulls": true,
            "stacking": {
              "group": "A",
              "mode": "none"
            },
            "thresholdsStyle": {
              "mode": "off"
            }
          },
          "mappings": [],
          "thresholds": {
            "mode": "absolute",
            "steps": [
              {
                "color": "green",
                "value": null
              },
              {
                "color": "red",
                "value": 80
              }
            ]
          },
          "unit": "bytes"
        },
        "overrides": []
      },
      "gridPos": {
        "h": 7,
        "w": 12,
        "x": 0,
        "y": 55
      },
      "id": 3,
      "links": [],
      "options": {
        "legend": {
          "calcs": [
            "mean",
            "lastNotNull",
            "max",
            "min"
          ],
          "displayMode": "table",
          "placement": "bottom"
        },
        "tooltip": {
          "mode": "multi",
          "sort": "none"
        }
      },
      "pluginVersion": "9.0.9",
      "targets": [
        {
          "datasource": {
            "type": "prometheus",
            "uid": "${DS_FORGEROCKDS}"
          },
          "expr": "ds_jvm_memory_used_bytes{instance=~\"$ds_instance\"}",
          "format": "time_series",
          "intervalFactor": 2,
          "legendFormat": "{{job}} {{instance}} JVM Total Memory Usage",
          "refId": "A",
          "target": "*.ds.jvm-memory-usage.memory-usage.total.used"
        }
      ],
      "title": "Memory Usage",
      "type": "timeseries"
    },
    {
      "datasource": {
        "type": "prometheus",
        "uid": "${DS_FORGEROCKDS}"
      },
      "description": "Time spent for garbage collections by minute",
      "fieldConfig": {
        "defaults": {
          "color": {
            "mode": "palette-classic"
          },
          "custom": {
            "axisLabel": "",
            "axisPlacement": "auto",
            "barAlignment": 0,
            "drawStyle": "line",
            "fillOpacity": 10,
            "gradientMode": "none",
            "hideFrom": {
              "legend": false,
              "tooltip": false,
              "viz": false
            },
            "lineInterpolation": "linear",
            "lineWidth": 1,
            "pointSize": 5,
            "scaleDistribution": {
              "type": "linear"
            },
            "showPoints": "never",
            "spanNulls": false,
            "stacking": {
              "group": "A",
              "mode": "none"
            },
            "thresholdsStyle": {
              "mode": "off"
            }
          },
          "mappings": [],
          "thresholds": {
            "mode": "absolute",
            "steps": [
              {
                "color": "green",
                "value": null
              },
              {
                "color": "red",
                "value": 80
              }
            ]
          },
          "unit": "s"
        },
        "overrides": []
      },
      "gridPos": {
        "h": 8,
        "w": 12,
        "x": 12,
        "y": 55
      },
      "id": 57,
      "options": {
        "legend": {
          "calcs": [],
          "displayMode": "list",
          "placement": "bottom"
        },
        "tooltip": {
          "mode": "multi",
          "sort": "none"
        }
      },
      "pluginVersion": "9.0.9",
      "targets": [
        {
          "datasource": {
            "type": "prometheus",
            "uid": "${DS_FORGEROCKDS}"
          },
          "expr": "rate(ds_jvm_garbage_collector_g1_young_generation_time_seconds{instance=~\"$ds_instance\"}[1m])",
          "format": "time_series",
          "intervalFactor": 2,
          "legendFormat": "{{job}} {{instance}} G1 young gen collections time m1_rate",
          "refId": "A"
        },
        {
          "datasource": {
            "type": "prometheus",
            "uid": "${DS_FORGEROCKDS}"
          },
          "expr": "rate(ds_jvm_garbage_collector_g1_old_generation_time_seconds{instance=~\"$ds_instance\"}[1m])",
          "format": "time_series",
          "intervalFactor": 2,
          "legendFormat": "{{job}} {{instance}} G1 old gen collections time m1_rate",
          "refId": "B"
        },
        {
          "datasource": {
            "type": "prometheus",
            "uid": "${DS_FORGEROCKDS}"
          },
          "expr": "rate(ds_jvm_garbage_collector_zgc_major_cycles_time_seconds{instance=~\"$ds_instance\"}[1m])",
          "format": "time_series",
          "intervalFactor": 2,
          "legendFormat": "{{job}} {{instance}} ZGC major cycles time m1_rate",
          "refId": "C"
        },
        {
          "datasource": {
            "type": "prometheus",
            "uid": "${DS_FORGEROCKDS}"
          },
          "expr": "rate(ds_jvm_garbage_collector_zgc_minor_cycles_time_seconds{instance=~\"$ds_instance\"}[1m])",
          "format": "time_series",
          "intervalFactor": 2,
          "legendFormat": "{{job}} {{instance}} ZGC minor cycles time m1_rate",
          "refId": "D"
        }
      ],
      "title": "Garbage Collections Time",
      "type": "timeseries"
    },
    {
      "datasource": {
        "type": "prometheus",
        "uid": "${DS_FORGEROCKDS}"
      },
      "description": "",
      "fieldConfig": {
        "defaults": {
          "color": {
            "mode": "palette-classic"
          },
          "custom": {
            "axisLabel": "",
            "axisPlacement": "auto",
            "barAlignment": 0,
            "drawStyle": "line",
            "fillOpacity": 10,
            "gradientMode": "none",
            "hideFrom": {
              "legend": false,
              "tooltip": false,
              "viz": false
            },
            "lineInterpolation": "linear",
            "lineWidth": 1,
            "pointSize": 5,
            "scaleDistribution": {
              "type": "linear"
            },
            "showPoints": "never",
            "spanNulls": false,
            "stacking": {
              "group": "A",
              "mode": "none"
            },
            "thresholdsStyle": {
              "mode": "off"
            }
          },
          "mappings": [],
          "thresholds": {
            "mode": "absolute",
            "steps": [
              {
                "color": "green",
                "value": null
              },
              {
                "color": "red",
                "value": 80
              }
            ]
          },
          "unit": "bytes"
        },
        "overrides": []
      },
      "gridPos": {
        "h": 8,
        "w": 12,
        "x": 0,
        "y": 62
      },
      "id": 63,
      "options": {
        "legend": {
          "calcs": [],
          "displayMode": "list",
          "placement": "bottom"
        },
        "tooltip": {
          "mode": "multi",
          "sort": "none"
        }
      },
      "pluginVersion": "9.0.9",
      "targets": [
        {
          "datasource": {
            "type": "prometheus",
            "uid": "${DS_FORGEROCKDS}"
          },
          "expr": "ds_jvm_memory_pools_g1_old_gen_used_after_gc_bytes",
          "interval": "",
          "legendFormat": "{{job}} {{instance}} G1 old gen used after GC",
          "queryType": "randomWalk",
          "refId": "A"
        },
        {
          "datasource": {
            "type": "prometheus",
            "uid": "${DS_FORGEROCKDS}"
          },
          "expr": "ds_jvm_memory_pools_zgc_old_generation_used_after_gc_bytes",
          "interval": "",
          "legendFormat": "{{job}} {{instance}} ZGC old gen used after GC",
          "queryType": "randomWalk",
          "refId": "B"
        }
      ],
      "title": "Garbage Collections: old gen memory after GC",
      "type": "timeseries"
    },
    {
      "collapsed": false,
      "datasource": {
        "type": "datasource",
        "uid": "grafana"
      },
      "gridPos": {
        "h": 1,
        "w": 24,
        "x": 0,
        "y": 70
      },
      "id": 14,
      "panels": [],
      "targets": [
        {
          "datasource": {
            "type": "datasource",
            "uid": "grafana"
          },
          "refId": "A"
        }
      ],
      "title": "Security",
      "type": "row"
    },
    {
      "datasource": {
        "type": "prometheus",
        "uid": "${DS_FORGEROCKDS}"
      },
      "fieldConfig": {
        "defaults": {
          "color": {
            "mode": "palette-classic"
          },
          "custom": {
            "axisLabel": "",
            "axisPlacement": "auto",
            "barAlignment": 0,
            "drawStyle": "line",
            "fillOpacity": 10,
            "gradientMode": "none",
            "hideFrom": {
              "legend": false,
              "tooltip": false,
              "viz": false
            },
            "lineInterpolation": "linear",
            "lineWidth": 1,
            "pointSize": 5,
            "scaleDistribution": {
              "log": 2,
              "type": "log"
            },
            "showPoints": "never",
            "spanNulls": false,
            "stacking": {
              "group": "A",
              "mode": "none"
            },
            "thresholdsStyle": {
              "mode": "line+area"
            }
          },
          "mappings": [],
          "max": 2592000,
          "min": 0,
          "thresholds": {
            "mode": "absolute",
            "steps": [
              {
                "color": "transparent",
                "value": null
              },
              {
                "color": "red",
                "value": -5
              }
            ]
          },
          "unit": "s"
        },
        "overrides": []
      },
      "gridPos": {
        "h": 7,
        "w": 24,
        "x": 0,
        "y": 71
      },
      "id": 8,
      "links": [],
      "options": {
        "legend": {
          "calcs": [
            "lastNotNull"
          ],
          "displayMode": "table",
          "placement": "bottom"
        },
        "tooltip": {
          "mode": "multi",
          "sort": "none"
        }
      },
      "pluginVersion": "9.0.9",
      "targets": [
        {
          "datasource": {
            "type": "prometheus",
            "uid": "${DS_FORGEROCKDS}"
          },
          "expr": "ds_certificates_certificate_expires_at_seconds - time()",
          "format": "time_series",
          "intervalFactor": 2,
          "legendFormat": "{{job}} {{instance}} \"{{key_manager}}\", {{alias}}",
          "refId": "A"
        }
      ],
      "title": "Certificate expiry in",
      "type": "timeseries"
    }
  ],
  "refresh": "10s",
  "schemaVersion": 36,
  "style": "dark",
  "tags": [],
  "templating": {
    "list": [
      {
        "current": {
          "selected": false,
          "text": "All",
          "value": "$__all"
        },
        "datasource": {
          "type": "prometheus",
          "uid": "${DS_FORGEROCKDS}"
        },
        "definition": "",
        "hide": 0,
        "includeAll": true,
        "multi": true,
        "name": "ldap_handler",
        "options": [],
        "query": {
          "query": "label_values(ldap_handler)",
          "refId": "Prometheus-ldap_handler-Variable-Query"
        },
        "refresh": 1,
        "regex": "",
        "skipUrlSync": false,
        "sort": 0,
        "tagValuesQuery": "",
        "tagsQuery": "",
        "type": "query",
        "useTags": false
      },
      {
        "current": {
          "selected": false,
          "text": "All",
          "value": "$__all"
        },
        "datasource": {
          "type": "prometheus",
          "uid": "${DS_FORGEROCKDS}"
        },
        "definition": "",
        "hide": 0,
        "includeAll": true,
        "multi": true,
        "name": "basedn",
        "options": [],
        "query": {
          "query": "label_values(base_dn)",
          "refId": "Prometheus-basedn-Variable-Query"
        },
        "refresh": 2,
        "regex": "",
        "skipUrlSync": false,
        "sort": 1,
        "tagValuesQuery": "",
        "tagsQuery": "",
        "type": "query",
        "useTags": false
      },
      {
        "current": {
          "selected": false,
          "text": "All",
          "value": "$__all"
        },
        "datasource": {
          "type": "prometheus",
          "uid": "${DS_FORGEROCKDS}"
        },
        "definition": "",
        "hide": 0,
        "includeAll": true,
        "multi": true,
        "name": "public_basedn",
        "options": [],
        "query": {
          "query": "label_values(ds_backend_entry_count{type=\"db\"}, base_dn)",
          "refId": "Prometheus-public_basedn-Variable-Query"
        },
        "refresh": 2,
        "regex": "",
        "skipUrlSync": false,
        "sort": 1,
        "tagValuesQuery": "",
        "tagsQuery": "",
        "type": "query",
        "useTags": false
      },
      {
        "current": {
          "selected": false,
          "text": "All",
          "value": "$__all"
        },
        "datasource": {
          "type": "prometheus",
          "uid": "${DS_FORGEROCKDS}"
        },
        "definition": "",
        "hide": 0,
        "includeAll": true,
        "multi": true,
        "name": "ds_job",
        "options": [],
        "query": {
          "query": "label_values(ds_start_time_seconds, job)",
          "refId": "Prometheus-ds_job-Variable-Query"
        },
        "refresh": 2,
        "regex": "",
        "skipUrlSync": false,
        "sort": 1,
        "tagValuesQuery": "",
        "tagsQuery": "",
        "type": "query",
        "useTags": false
      },
      {
        "current": {
          "selected": false,
          "text": "All",
          "value": "$__all"
        },
        "datasource": {
          "type": "prometheus",
          "uid": "${DS_FORGEROCKDS}"
        },
        "definition": "",
        "hide": 0,
        "includeAll": true,
        "multi": true,
        "name": "ds_instance",
        "options": [],
        "query": {
          "query": "label_values(ds_start_time_seconds, instance)",
          "refId": "Prometheus-ds_instance-Variable-Query"
        },
        "refresh": 2,
        "regex": "",
        "skipUrlSync": false,
        "sort": 1,
        "tagValuesQuery": "",
        "tagsQuery": "",
        "type": "query",
        "useTags": false
      },
      {
        "current": {
          "selected": false,
          "text": "All",
          "value": "$__all"
        },
        "datasource": {
          "type": "prometheus",
          "uid": "${DS_FORGEROCKDS}"
        },
        "definition": "",
        "hide": 0,
        "includeAll": true,
        "multi": true,
        "name": "disk",
        "options": [],
        "query": {
          "query": "label_values(ds_disk_free_space_bytes, disk)",
          "refId": "Prometheus-disk-Variable-Query"
        },
        "refresh": 1,
        "regex": "",
        "skipUrlSync": false,
        "sort": 1,
        "tagValuesQuery": "",
        "tagsQuery": "",
        "type": "query",
        "useTags": false
      },
      {
        "current": {
          "selected": false,
          "text": "All",
          "value": "$__all"
        },
        "datasource": {
          "type": "prometheus",
          "uid": "${DS_FORGEROCKDS}"
        },
        "definition": "",
        "hide": 0,
        "includeAll": true,
        "multi": true,
        "name": "domain",
        "options": [],
        "query": {
          "query": "label_values(ds_replication_replica_remote_replicas_replayed_updates_seconds_count, domain_name)",
          "refId": "Prometheus-domain-Variable-Query"
        },
        "refresh": 2,
        "regex": "",
        "skipUrlSync": false,
        "sort": 1,
        "tagValuesQuery": "",
        "tagsQuery": "",
        "type": "query",
        "useTags": false
      }
    ]
  },
  "time": {
    "from": "now-15m",
    "to": "now"
  },
  "timepicker": {
    "refresh_intervals": [
      "5s",
      "10s",
      "30s",
      "1m",
      "5m",
      "15m",
      "30m",
      "1h",
      "2h",
      "1d"
    ],
    "time_options": [
      "5m",
      "15m",
      "1h",
      "6h",
      "12h",
      "24h",
      "2d",
      "7d",
      "30d"
    ]
  },
  "timezone": "browser",
  "title": "Directory Services Dashboard",
  "uid": "wqyXwDkik",
  "version": 1,
  "weekStart": ""
}
